Recipe_Id,Step,Desc
0,1,"Soak the piece of foam well in water before placing it on the tray. Keep the tray at the place where you want to set up the arrangement. Slice the foam to a very low height, in keeping with the height of your low dining-table sit-down."
0,2,"Depending on their thickness, make four equal-looking bundles of the asparagus, probably using 8 to 10 stems in each. Tie each bundle up with lemongrass and place the bundles along the base of the tray, forming a square. Then tie the four corners with lemongrass to hold the asparagus in place."
0,3,"Before using the roses, cut the stems to about 6"" to 8"" and leave them in water for about 1/2 hour so that they last longer. Here we have chosen pink and white roses."
0,4,"Place the roses first in the outer square of the sponge, alternating the white with the pink. Then, in a similar manner, fill up the whole square."
0,5,"To finish off, use the asparagus ferns to cover up any spaces where the foam is still visible."
1,1,Take a long kebab stick and tie one of the éclairs on top with the white thread.
1,2,Make a loop with the thread and tie it securely to the stick.
1,3,Take the second éclair and tie it at right angles to the first one.
1,4,Tie the third éclair opposite the second one.
1,5,Continue in the same way till you have tied a lot of éclairs on the stick.
1,6,Wrap the rest of the kebab stick with green tape.
1,7,Make many more sticks in the same way.
1,8,"Lay out the basket, roses and the éclair sticks. Use small fillers made of chocolate wrapped in cellophane and tied to toothpicks."
1,9,Stick all the green fillers into the moss and then start adding the roses one by one.
1,10,Now place the éclair sticks in between the roses and fillers.
1,11,Arrange the éclair sticks in such a way that the bouquet looks balanced.
1,12,Fill the gaps with the small chocolate fillers.
1,13,Your delicious chocolate bouquet is ready!
2,1,Start by placing a protective covering over your table. Place a cane mat in the center of the table. Take 5 roll buns and place them horizontally on a mat at an equal distance form each other.
2,2,Place a gerbera between 2 roll buns in a raised position as shown in the picture.
2,3,Add some asparagus ferns to add colour. They can be placed beneath the petals.
2,4,Cut the lavash bread into triangles of various sizes. Use raffia to tie the triangles around a round candle. Decorate 2 candles in this manner. Place the candles on oppsite corners of the mat near the bread.
2,5,Your eye-catching centerpiece is ready.
3,1,"Combine the grated mango, turmeric powder and salt and leave aside for 30 minutes. "
3,2,Squeeze out all the mango water using a muslim cloth and keep aside. Keep the grated mango aside separately.   
3,3,Soak the Kabuli chana and fenugreek seeds in the mango water overnight.  
3,4,Refrigerate the grated mango. 
3,5,"Combine the fenugreek seeds powder, fennel seeds, asafoetida, nigella seeds, whole red chillies, chilli powder and soaked Kabuli chana mixture with the grated mango. Mix well. "
3,6,Heat the mustard oil. Cool it and add to the prepared mixture. 
3,7,Bottle the pickle in a sterilised glass jar. 
3,8,The pickle is ready to eat after 3 to 4 days.
3,9,Store it a cool dry place for upto 1 year.  
4,1,"Combine the raw mango, turmeric powder and salt in a deep bowl, mix well and keep aside for 30 minutes."
4,2,Squeeze out all the water from the raw mango in a bowl and keep aside. Keep the raw mango water and grated raw mango separately.
4,3,Refrigerate the grated raw mango overnight.
4,4,"Combine the fenugreek seeds, kabuli chana and raw mango water into a deep bowl, mix well and cover and keep aside overnight."
4,5,"Combine the fenugreek seed powder, fennel seeds, asafoetida, nigella seeds, kashmiri red chillies, chilli powder along the grated raw mango and kabuli chana-fenugreek seeds mixture into a deep bowl, mix well and keep aside."
4,6,Heat the mustard oil in a deep non-stick kadhai on a medium flame for 3 to 4 minutes or till red hot.
4,7,Remove from the flame and allow it to cool.
4,8,"Once cooled, add the oil to the prepared mixture and mix well."
4,9,"Bottle the pickle in a sterilized glass jar and keep aside for 6 to 7 days. After 7 days, it is ready to eat."
5,1,"Combine the mangoes, turmeric powder and 2 tbsp of salt and toss well."
5,2,"Place the mangoes on a sieve, cover and place under the sun for 4 to 6 hours."
5,3,Combine the rest of the ingredients in a bowl and mix well.
5,4,Add the mangoes and toss well.
5,5,Bottle the pickle in a sterilised glass jar. Place the pickle under the sun for 4 to 5 days. This pickle can be stored for upto 1 year.
6,1,"Combine 1/2 cup of water and sugar in a broad non-stick pan and cook on a medium flame for 2 to 3 minutes or till the sugar dissolves completely, while stirring continuously."
6,2,"Add the raw mangoes and cook on a medium flame for another 3 to 4 minutes, till the mangoes are tender, while stirring occasionally. Keep aside to cool."
6,3,Combine the cooked mangoes and mints leaves and blend in a mixer till the mixture is smooth.
6,4,"Transfer the mixture into a bowl, add the mint leaves, 1/2 cup of crushed ice, 1 cup of chilled water and blend well using a hand blender."
6,5,"For serving, place 2 tbsp of crushed ice in 4 individual glasses and pour equal quantities of the drink over it."
6,6,Serve chilled topped with 1 tbsp of crushed ice in each glass.
7,1,"Heat the oil in a deep non-stick pan, dip the mango cubes individually into the batter and deep-fry till they turn golden brown and crisp from all the sides. Drain on an absorbent paper."
7,2,Serve immediately.
8,1,"Combine the sugar with 3 cups of water and cook till the sugar has dissolved, stirring occasionally. "
8,2,"Add the mango pieces and grated mangoes and cook over a slow flame (approximately 25 to 30 minutes), stirring occasionally till the sugar syrup is of one string consistency and the mango pieces are soft and translucent.  "
8,3,"Add the sambhaar, almonds, poppy seeds and salt and mix well. "
8,4,Allow to cool completely. Bottle in a sterilised glass jar. This can be stored for upto 1 year refrigerated.  
9,1,"Heat the oil in a broad non-stick pan, add the fennel seeds and nigella seeds and sauté on a medium flame for a few seconds."
9,2,"Add the raw mango cubes, mix well and cook on a medium flame for 2 minutes, while stirring continuously."
9,3,"Add ¼ cup of water, coriander powder, chilli powder, turmeric powder, sugar and salt,mix well and cook on a medium flame for 2 to 3 minutes, while stirring occasionally."
9,4,Allow the launji to cool completely.
9,5,"Once cooled, serve or store in an air-tight container and refrigerate."
10,1,Combine all the ingredients in a mixer and blend till smooth.
10,2,Pour the mixture into a shallow aluminium container and cover it with an aluminium foil.
10,3,Freeze it for approx. 4 to 6 hours or until it is firm.
10,4,Remove it from the freezer and keep aside for 4 to 5 minutes.
10,5,Scrape it with a fork and serve immediately  in small glasses garnished with mint leaves.
11,1,"Combine the mangoes, turmeric powder and salt in a bowl, mix well and leave aside for 30 minutes. Squeeze out all the water from the mangoes and keep  refrigerated till use."
11,2,Soak the kabuli chana and fenugreek seeds in the mango water overnight.
11,3,"Combine the fenugreek seeds powder, fennel seeds, asafoetida, nigella seeds, whole red chillies, chilli powder, soaked kabuli chana mixture and grated mangoes in a bowl and mix well."
11,4,Heat the mustard oil in a small pan and cool completely. Add it to the prepared mixture.
11,5,Place the pickle in a sterilised glass jar and store it in a cool dry place.
11,6,The pickle is ready to eat after 3 to 4 days. Store it a cool dry place for upto 1 year.
12,1,"Heat 4 tbsp of oil in a broad non-stick pan, add the ladies finger, mix gently and cook on a medium flame for 5 to 6 minutes, while tossing occasionally. Remove in a deep bowl and keep aside."
12,2,"Heat the remaining 1 tbsp of oil in the same broad non-stick pan, add the fennel seeds, mustard seeds, nigella seeds, fenugreek seeds and asafoetida and sauté on a medium flame for a few seconds."
12,3,Add the ginger and sauté on a medium flame for 30 more seconds.
12,4,"Add the tomatoes, mix well and cook on a medium flame for 2 to 3 minutes, while stirring occasionally."
12,5,"Lower the flame, add the curd mixture, mix well and cook for 1 minute, while stirring continuously."
12,6,"Add the shallow-fried ladies finger and salt, mix well and cook on a medium flame for 1 to 2 minutes, while stirring occasionally."
12,7,Serve hot with rotis or parathas.
13,1,"Combine all the ingredients, except the curds in a mixer and blend to a coarse mixture."
13,2,"Transfer the mixture into a deep bowl, add the curds and mix well."
14,1,"Combine all the ingredients, except the curds in a mixer and blend to a coarse mixture."
14,2,"Transfer the mixture into a deep bowl, add the curds and mix well."
15,1,"Heat the oil in a pan and add the cumin seeds, fenugreek seeds, fennel seeds, onion seeds and mustard seeds."
15,2,"When the seeds crackle, add the onions, green chillies, ginger, garlic and sauté for 2 minutes."
15,3,"Add the paneer, turmeric powder, coriander and salt and mix well, cook for 3-4 minutes."
15,4,Keep aside.
16,1,"Heat the oil in a small non-stick pan, add the fenugreek seeds, mustard seeds, cumin seeds, fennel seeds and nigella seeds and sauté on a medium flame for 30 seconds."
16,2,"When the seeds crackle, add the asafoetida and mix well."
16,3,Transfer the mixture into a deep bowl and allow the mixture to cool completely.
16,4,"Add the coriander, green chillies and powdered sugar and blend in a mixer to smooth paste using 2 tbsp of water. Keep aside."
17,1,Combine the brinjals with the prepared marinade in a deep bowl and toss gently. Keep aside for 5 minutes.
17,2,Heat the oil in a kadhai and deep-fry the marinade brinjals in it till they are golden brown in colour from all the sides.
17,3,Drain on an absorbent paper and keep aside.
17,4,"Combine the fennel seeds, mustard seeds, fenugreek seeds, onion seeds, cumin seeds and asafoetida in a small bowl and keep aside."
17,5,Heat the oil in a deep pan and add the above mixture.
17,6,"When the seeds crackle, add the onions, ginger-garlic paste and green chillies and sauté on a medium flame for 2 minutes."
17,7,"Add the turmeric powder, chilli powder, punjabi garam masala, dry mango powder and salt and sauté on a medium flame for 2 minutes."
17,8,"Add the curds, fried brinjals and fresh cream, mix gently and cook on a slow flame for 2 to 3 minutes, while stirring continuously."
17,9,Serve hot garnished with coriander.
18,1,Blend the mango pickle in a mixer to a coarse paste. Keep aside.
18,2,"Clean, wash and soak the rice for 10 minutes. Drain and keep aside."
18,3,"Heat the ghee in a pressure cooker, add the fennel seeds, mustard seeds, fenugreek seeds, nigella seeds, big cardamom, cumin seeds and asafoetida and sauté on a medium flame for a few seconds."
18,4,"When the seeds crackle, add the onions and sauté on a medium flame for 1 to 2 minutes."
18,5,"Add the ginger-garlic paste, kabuli chana, turmeric powder, chilli powder, garam masala, salt and the prepared pickle paste, mix well and cook on a medium flame for 1 minute."
18,6,"Add the rice, mix well and cook on a medium flame for 1 minute."
18,7,"Add the 2½ cups hot water, mix well and pressure cook for 2 whistles."
18,8,Allow the steam to escape before opening the lid.
18,9,Serve hot garnished with coriander.
19,1,"Heat the oil in a deep non-stick pan, add the fennel seeds, mustard seeds, fenugreek seeds, nigella seeds, cumin seeds and asafoetida and sauté on a medium flame for 1 minute."
19,2,Add the onion and sauté on a medium flame for 2 minutes.
19,3,"Add the paneer, turmeric, chilli powder, black salt, mix well and cook on a medium flame for 1 minute, while stirring occasionally."
19,4,"Add the curds, plain flour, mix well and cook on a medium flame for 1 to 2 minutes, while stirring occasionally."
19,5,"Switch off the flame, add the coriander and salt and mix well."
19,6,Serve hot with rice or rotis.
20,1,"Heat the oil in a kadhai, add the mustard seeds, fenugreek seeds, cumin seeds, nigella seeds and fennel seeds."
20,2,"When the seeds crackle, add the turmeric powder, chilli powder and switch off the flame."
20,3,Add the curds and mix well.
20,4,Add the green chilli pickle and salt and mix well.
20,5,"Add the paneer cubes, mix gently and keep aside to marinate for 30 minutes."
21,1,"Combine the broken wheat, green moong dal, masoor dal, urad dal and fenugreek seeds in a deep bowl and soak in enough water for 2 hours. Drain well."
21,2,Blend them in a mixer along with approx. ¾ cup of water to a coarse mixture.
21,3,"Transfer the mixture into a deep bowl, add the onions, asafoetida, ginger-green chilli paste, coriander, turmeric powder, curry leaves and salt and mix well."
21,4,"Heat a non-stick tava (griddle), sprinkle a little water on it and wipe it off gently using a muslin cloth."
21,5,Pour a ladleful of the batter on it and spread it in a circular motion to make a 125 mm. (5”) diameter thin circle.
21,6,Smear 1/8 tsp of oil over it and along the edges and cook on a medium flame till the adai turns golden brown in colour from both the sides.
21,7,Fold over to make a semi-circle.
21,8,Repeat steps 4 to 7 to make 23 more adais. .
21,9,Serve immediately.
22,1,"Combine the rice, dals, ginger, red chillies, peppercorns and cumin seeds in enough water in a  deep bowl and keep aside to soak for 2 hours. Drain the water."
22,2,Blend the mixture in a mixer to a coarse mixture using approx. 1 cup of water.
22,3,"Transfer the mixture into a deep bowl, add the onions, asafoetida, curry leaves, grated coconut and salt and mix well."
22,4,"Heat a non-stick tava (griddle), sprinkle a little water on the tava (griddle) and wipe it off gently using a muslin cloth."
22,5,Pour a ladleful of the batter on it and spread it in a circular motion to make a 175 mm. (7”) diameter thin circle.
22,6,Smear a little coconut oil over it and along the edges and cook on a medium flame till the adai dosa turns golden brown in colour and crisp.
22,7,Turn over and cook on the other side as well.
22,8,Fold over to make a semi-circle.
22,9,Repeat with the remaining batter to make 9 more adai dosa.
22,10,Serve immediately with coconut chutney.
23,1,"Clean, wash and soak the rice, dals and dry red chillies in enough water for 2 hours."
23,2,Drain and blend in a mixer to a coarse paste using approx. 1¼ cups of water.
23,3,"Transfer the mixture into a deep bowl, add all the remaining ingredients and mix well."
23,4,"Heat a non-stick tava (griddle), sprinkle a little water on the tava (griddle) and wipe it off gently using a muslin cloth."
23,5,Pour a ladleful of the batter on it and spread it in a circular motion to make a 175 mm. (7”) diameter thin circle.
23,6,Smear ¼ tsp of oil over it and along the edges and cook on a medium flame till the adai turns golden brown in colour and crisp.
23,7,Turnover and cook on another side as well.
23,8,Fold over to make a semi-circle.
23,9,Repeat with the remaining batter to make 14 more adais.
23,10,Serve immediately.
24,1,Combine all the ingredients in a deep bowl and mix well.
24,2,Pour the mixture into a shallow aluminium container and freeze for 5 hours.
24,3,Blend in a mixer till slushy and serve immediately.
25,1,"Boil the ¼ cup of water in a non-stick pan, add the coffee and sugar and mix well."
25,2,Add the brandy and mix well.
25,3,Place a scoop of ice-cream in each coffee mug and pour half the coffee mixture over each mug.
25,4,Serve immediately garnished with the cinnamon powder.
26,1,"Combine the paneer, prepared powder and prepared marinade in a deep bowl and mix gently."
26,2,Keep aside for 2 hours.
26,3,Thread 6 pieces of the marinaded paneer in each satay stick or a skewer.
26,4,"Heat a non-stick tava(griddle), grease it with little oil, place 4 marinated paneer satays on it and cook using a little oil on a medium flame for approx. 10 minutes or till they turn  brown in colour from all the sides."
26,5,Repeat steps 3 and 4 to make 4 more satays.
26,6,Serve immediately.
27,1,"Heat a small broad  non-stick pan, add the carom seeds and dry roast on a medium flame for 1 minute. Keep aside."
27,2,"Boil the milk in a saucepan, add the turmeric powder, mix well and cook on a medium flame for 2 minutes, while stirring continuously."
27,3,"Remove from the flame, add the roasted carom seeds to the turmeric milk and mix well."
27,4,Serve immediately.
28,1,Heat the ghee in a deep pan and add the cumin seeds and peppercorns.
28,2,"When the seeds crackle, add the green chillies and sauté for 2 minutes."
28,3,Add the ajwain leaves and sauté for 2-3 minutes or till the leaves turn soft and change their colour.
28,4,Remove from the flame and keep aside to cool.
28,5,"Add the coconut and blend in a mixer till smooth, using a little water if required."
28,6,"Transfer back in the same pan, add the whisked curds and salt and mix well."
28,7,Serve at room temperature with rice.
29,1,Mix all the ingredients together with a little water to make a thick batter.
30,1,"Combine water and carom seeds in a sauce pan, mix well and boil on a medium flame for 8 to 10 minutes."
30,2,Switch of the flame and strain it using a strainer in a deep bowl. Keep aside to cool.
30,3,Serve warm or cool and serve.
31,1,Combine all the ingredients in a deep bowl and mix well.
31,2,Add enough water and knead into a soft dough. Cover the dough with a lid and keep aside for 15 minutes.
31,3,Roll out each portion of the dough into a 175 mm. (7”) diameter circle using a little whole wheat flour for rolling.
31,4,"Heat a non-stick tava (griddle) and cook the roti using a little ghee, till golden brown spots appear on both the sides."
31,5,Serve immediately with curds.
32,1,Dissolve the sugar in 4 to 5 tablespoons of water and simmer to get a syrup of 1 string consistency.
32,2,Add the walnuts and cashewnuts and mix well. Heat over a slow flame and stir till it leaves the sides of the pan. 
32,3,"Remove from the fire, transfer to another plate and cool completely. "
32,4,"Divide the mixture in 10 equal portions. Press each portion into 25 mm. (1"") diameter greased tart moulds."
32,5,Unmould the tarts and keep aside.
33,1,"Combine the sugar and ¼ cup water in a broad non-stick pan and cook on a slow flame for approx. 2 to 3 minutes, stirring continuously."
33,2,Remove from the flame and keep aside to cool.
34,1,Combine all the ingredients in a deep bowl and knead into a loose soft dough using enough water.
34,2,Divide the dough into 6 equal portions.
34,3,"Heat a non-stick tava (griddle) and grease it with ¼ tsp of oil, take a portion of the dough place in the centre of the greased tava (griddle) and flatten it with wet fingers to make a 250 mm. (6”) diameter circle."
34,4,Make 3 to 4 holes at regular intervals using a rolling pin as shown in the image.
34,5,Drizzle ½ tsp of oil evenly over it and cook on both the sides till they turn golden brown in colour.
34,6,Repeat steps 3 to 5 to make 5 more akki rotis.
34,7,Serve immediately.
35,1,Combine the chawli and 2 tbsp of water in  a mixer and blend to a coarse paste.
35,2,"Transfer the paste into a deep bowl, add all the remaining ingredients and mix well."
35,3,Divide the mixture into 10 equal portions.
35,4,Wet your hand and take a portion of the mixture in your hand and shape into a 75 mm. (3”) diameter circle. Make a hole in the centre with your thumb.
35,5,Repeat step 4 to shape 4 more vadas.
35,6,"Heat a non-stick tava (griddle) , grease it with ½ tsp of oil. Place 5 vadas on it and cook on a medium flame using ½ tsp of oil till they turn golden brown in colour from both the sides."
35,7,Repeat steps 4 to 6 to shape and cook 5 more vadas.
35,8,Serve immediately.
36,1,"To make the Alfalfa Sprouts Open Sandwich, pierce the yellow capsicum with a fork, brush it using ¼ tsp of olive oil evenly over it and roast it over an open flame till it turns black from all the sides."
36,2,"Cool, wash it in cold water and remove the skin, stem and seeds and discard them. Cut the capsicum into thin slices and keep aside."
36,3,Repeat steps 1 and 2 for red and green capsicum.
36,4,"Combine the roasted green, yellow and red capsicum slices, remaining 1½ tsp of olive oil, salt and a little pepper powder in a bowl and mix  well."
36,5,Divide the capsicum mixture into 4 equal portions and keep aside.
36,6,Cut the footlong bread into 2 pieces from the centre and then cut each piece into 2 halves horizontally. You will get 4 bread halves of 6” each in all.
36,7,"Place all the 4 bread halves on a flat, dry surface and core the inner side of each halve so as to form a slight depression."
36,8,Spread ¼th of the marinade evenly on each bread halve.
36,9,Place a portion of the capsicum mixture in the depression of each bread halve and arrange 3 tomato slices over it.
36,10,Place 1½ tbsp of alfa-alfa sprouts and ½ tbsp of black olives evenly on each bread halve.
36,11,"Sprinkle ¼ tsp of oregano, a little salt and ¼ tsp of pepper powder on each bread halve."
36,12,Top each bread halve with ½ tbsp of cheese and bake them in a pre-heated oven at 200°c (400°f) for 8 to 10 minutes.
36,13,Serve the Alfalfa Sprouts Open Sandwich immediately.
37,1,"Combine the mayonnaise, basil, tomatoes, alfalfa sprouts, salt and pepper in a bowl and mix well."
37,2,Divide the stuffing into 4 equal portions and keep aside.
38,1,Combine all the ingredients in a deep bowl and knead into a soft dough using enough water. Keep aside.
39,1,Combine all the ingredients in a deep bowl and mix well.
39,2,Pour equal quantities of the drink into 3 individual glasses.
39,3,Serve immediately.
40,1,Use a knife and make a petal shaped but on the red capsicum.
40,2,Detach the piece from the capsicum with your fingers.
40,3,"Using a knife, remove the seeds from the capsicum piece and discard them. Repeat the step 1 to 3 to make 2 to 3 more capsicum pieces. Keep them aside."
40,4,"Place a drumstick on the chopping board and using a knife, cut a 6"" long piece."
40,5,Make 2 to 3 such long drumstick pieces of different sizes.
40,6,Insert a toothpick on one side of the drumstick.
40,7,Pierce the capsicum piece on it from the centre.
40,8,"Pierce the baby corn on top. Repeat the steps 6 to 8 with the remaining drumstick pieces, capsicum pieces and baby corn."
40,9,On the other side of the drumstick pierce one more toothpick.
40,10,Place a broad piece of yam with the base flattened with a knife on a chopping board.
40,11,Pierce the toothpick with drumstick on the yam. Arrange 2 to 3 such drmsticks (stems) on the yam.
40,12,"To complete the anthurium, finally decorate it with a few leaves and a fan behind the yam."
41,1,Place the almond bread slices on a greased baking tray and apply a little olive oil on each bread slice.
41,2,"Bake in pre-heated oven at 200°c(400°f) for 15 minutes, or till they turn light brown."
41,3,Cool completely and arrange 3 avocado slices on each toasted bread slice.
41,4,Drizzle ¼ tsp of olive oil and little sea salt evenly over each toast.
41,5,Serve immediately.
42,1,Sieve the flour and salt together in a plate.
42,2,Rub the butter into the flour with your fingertips and add the sugar and almonds and mix well.
42,3,Gradually add ice-cold water (approx. 3 tbsp) and knead well to make stiff dough. Refrigerate for 15 minutes.
42,4,"Meanwhile, combine the apples, lemon juice, sugar and orange marmalade in a bowl, mix well and keep aside."
42,5,Knead the dough again and divide it into 10 equal portions.
42,6,Roll out a portion on a dusted rolling board into a 100 mm. (4”) diameter circle and place the circle into a 75 mm. (3”) diameter tart case. Press the circle gently around the sides of the tart case.
42,7,Repeat step 7 to make 9 more tarts.
42,8,Prick all over the tarts with the help of a fork and sprinkle equal quantity of biscuit crumbs in each tart case.
42,9,Put 1½ tbsp of the apple filling in each tart case and bake in a pre-heated oven at 200ºc (400ºf) for 20 to 25 minutes or till the tart cases are golden brown in colour.
42,10,Serve immediately garnished with a dollop of beaten whipped cream.
43,1,"Combine the almonds, bananas and ½ cup of milk and blend in a juicer till the mixture is smooth and frothy."
43,2,"Add the sugar, remaining 1 cup of milk, vanilla essence and 8 ice-cubes and blend in a juicer till the mixture is smooth and frothy."
43,3,Pour equal quantities of the smoothie into 4 individual glasses.
43,4,Serve immediately.
44,1,"Soak the almonds in enough hot water, cover with  a lid and keep aside for 1 hour. Drain and peel them."
44,2,Blend in a mixer along with the sea salt and blend well. Keep aside.
44,3,"Combine the coconut oil, honey, vanilla essence, 1 tbsp of water in a deep bowl and mix well using a spatula."
44,4,Add all the other ingredients including the almond mixture and mix very well using a spatula.
44,5,"Grease a 175 mm. ( 7”) diameter aluminium tin with coconut oil, put the mixture into it and even it out using a spatula. Bake in a pre-heated oven at 200ºc (400ºf) for 20 minutes."
44,6,Serve hot.
45,1,Peel the almonds.
45,2,Blend the almonds in a mixer to a smooth mixture without using any water.
45,3,"Transfer the mixture into a deep bowl, add the ghee and salt and mix well to make a dough without using any water."
45,4,Divide the dough into 6 equal portions.
45,5,"Grease the rolling board with ghee, put a portion of the dough and pat it to make a 100 mm. (4”) dimeter circle without using any flour."
45,6,Heat a non-stick tava (griddle) and cook the bhakri using ghee till it turns golden brown in colour from both the sides.
45,7,Repeat steps 5 and 6 to make 5 more bhakris.
45,8,Serve hot.
46,1,"Heat the ghee in deep non-stick pan, add the almonds and sauté on a medium flame for 2 minutes. Drain and keep aside."
46,2,"Add the cloves, cardamom, cinnamon and bayleaf in the same non-stick pan and sauté on a medium flame for a few seconds."
46,3,Add the caraway seeds and onions and sauté on a medium flame for 1 minute.
46,4,Add the garlic and sauté on a medium flame for a few more seconds.
46,5,"Add the french beans, green peas, green chillies and biryani masala, mix well and cook on a medium flame for 2 to 3 minutes, while stirring occasionally."
46,6,"Add the almonds and rice, mix well and cook on a medium flame for 2 minutes, while stirring occasionally."
46,7,Add the lemon juice and mix gently.
46,8,Serve immediately garnished with fried onions and fried almonds.
47,1,"Combine the plain flour, baking powder, cocoa powder, cinnamon powder, castor sugar and almonds in a deep bowl and mix well."
47,2,"Add the eggs and vanilla essence, mix well and knead into a soft and sticky dough without using any water."
47,3,"Grease your palms with little oil, place the dough on a greased baking tray and spread it with your fingers to form a 200 mm. × 75 mm. (8” x 3”) rectangle."
47,4,Bake it in a pre-heated oven at 160°c (320°f) for 25 minutes. Keep aside to cool completely.
47,5,"Once cooled, cut diagonally into 15 thin pieces."
47,6,"Arrange them on a baking tray and bake in a pre-heated oven at 160°c (320°f) for 30 minutes or till they are crisp, turning them once after 15 minutes."
47,7,Serve or store it in an air-tight container.
48,1,"Combine the plain flour, baking powder, vanilla essence and powdered sugar in a deep bowl and mix well."
48,2,Add the butter and rub into the flour mixture till it resembles bread crumbs.
48,3,Add the milk and almonds and knead  into a dough.
48,4,Cover with a lid and refrigerate for 30 minutes.
48,5,Roll into a rectangle of 200 mm. (8”) × 150 mm. (6”)  without using any flour for rolling.
48,6,Cut into 14 equal pieces as shown in the image.
48,7,Place them on a baking tray and bake in a pre-heated oven at 180°c (360°f) for 15 to 17 minutes. Remove and cool on a wire rack.
48,8,Serve immediately or store in an air-tight container.
49,1,Combine the plain flour and almond slivers in a deep bowl and mix well. Keep aside.
49,2,"Cream the butter, powdered sugar and vanilla essence in a deep bowl and mix well using a spatula."
49,3,Add the plain flour-almonds mixture and mix well using a spatula.
49,4,Add the milk gradually and knead gently into a semi-stiff dough without using any water.
49,5,Cover the dough with a lid and keep aside to refrigerate for 15 minutes.
49,6,"Roll the dough into a 200 mm. X 200 mm. (8"" x 8"") rectangle."
49,7,Cut the rolled dough into 50 mm. X 50 mm. (2” x 2”) equal square pieces.
49,8,Arrange the square pieces on a baking tray at equal intervals and bake in a pre-heated oven at 180°c (360°f) for 25 minutes.
49,9,Allow it to cool completely.
49,10,Store it in an air-tight container and use as required.
50,1,Put the almonds in a mixer and blend till smooth.
50,2,"Combine the almond milk, flax seeds powder and apple cider vinegar in a bowl and mix well. Keep aside."
50,3,"Combine the almond flour, salt, baking powder in a deep bowl and mix well."
50,4,Add the almond milk mixture and 2 tbsp of water and mix very well using a spatula.
50,5,Pour the mixture into a greased 200 mm. (8”) × 100 mm. (4”) rectangle aluminium loaf tin and bake in a pre-heated oven at 200ºc (400ºf) for 35 minutes.
50,6,"Cool slightly, demould and cut into 11 equal slices."
50,7,Serve immediately or store in an air-tight container and use as required.
51,1,Roast the almonds in a deep non-stick pan on a medium flame for 3 minutes. Cool slightly.
51,2,"Combine the almonds, coconut, oats, cinnamon powder and salt in a deep bowl  and mix well."
51,3,"Add the vanilla essence, honey and peanut butter and mix well."
51,4,"Line a 175 mm. (7”) aluminium tin with foil, put the mixture over it and even it out using your palm."
51,5,Refrigerate it for 30 minutes.
51,6,"Demould it, cut it into 10 equal square shaped bars."
51,7,Serve or store it in an air-tight container and use as required.
52,1,Combine all the ingredients in a bowl and fold gently.
52,2,Fill into a piping bag fitted with a star nozzle and keep refrigerated.
53,1,Break the eggs in a deep bowl and beat it using a fork. Keep aside.
53,2,Blend the almonds in a mixer till smooth.
53,3,"Transfer the almond mixture into a deep bowl, add all the remaining ingredients along with the beaten eggs and mix well using a spatula."
53,4,Grease a 175 mm. By 82. 5 mm. (7“×3. 5 “) loaf tin with melted butter.
53,5,Pour the mixture into the greased loaf tin and bake in a pre-heated oven at 150 ºc (300ºf) for 35 to 40 minutes.
53,6,"Cool, cut into 13 equal slices, pack in an aluminium foil and store in an air-tight container in the refrigerator."
53,7,Use as required.
54,1,"Combine the almonds, cinnamon, honey, vanilla essence and ¾ cup of cold water in a mixer and blend till smooth."
54,2,"We have used whole cinnamon stick instead of cinnamon powder, as it gives a correct taste and consistency to the milk."
54,3,We recommend a high quality a bullet blender or a vitamix. If the quality of the blender is not good it will not be smooth and there will be small almond pieces left. We have also not strained the milk.
54,4,Refrigerate till use and serve chilled. It lasts good in the fridge for 3 days we have tested it.
55,1,"Combine the strawberries, pineapple, lychees and orange segments in a bowl and refrigerate to chill."
55,2,Combine the china grass with 1 cup of cold water in a pan and simmer till it dissolves completely. Strain the mixture and keep aside.
55,3,Combine the milk and sugar in a pan and bring to boil.
55,4,"Add the china grass mixture and boil for another 3 to 4 minutes, while stirring continuously. Keep aside to cool slightly."
55,5,"Add the cream, vanilla essence, almond essence and almonds and mix well."
55,6,Pour equal quantities into 4 individual moulds and refrigerate for 30 minutes or till it sets.
55,7,"Just before serving, divide the fruits into 4 equal portions and keep aside."
55,8,Un-mould the jelly onto 4 individual plates and top it with a portion of the fruits. Serve chilled.
56,1,Combine the almonds and cold water in a mixer and blend till smooth. We recommend a high quality a bullet blender or a vitamix. If the quality of the blender is not good it will not be smooth and there will be small almond pieces left.
56,2,"We suggest you get a high quality blender that can also be used for making lovely smoothies and juices. Ingredients like carrot, almonds, etc can also be easily blended in it…"
56,3,Serve chilled.
57,1,"Soak the almonds in hot water for 2 hours. Drain, remove the skin and blend in a mixer to a fine paste. Keep aside."
57,2,"Boil the milk in a heavy-bottomed vessel till it is reduced to ¾ of its quantity, while stirring continuously."
57,3,"Add the almond paste, sugar, cardamom powder, nutmeg powder and saffron, mix well and simmer for 5 minutes, while stirring continuously. Keep aside."
57,4,"When it cools completely, refrigerate at least for 2 hours."
57,5,Serve chilled.
58,1,"In a heavy bottomed pan, add the sugar and melt it over gentle heat, stirring continuously till the sugar is light brown in colour (caramelised)."
58,2,"Remove from the fire, add the rest of the ingredients and mix well."
58,3,Pour this mixture onto a greased marble or stone surface.
58,4,"Using a large greased rolling pin, roll out the praline as thinly as you can."
58,5,"While it is still warm, cut into triangles. Allow it to cool completely."
58,6,Store in an air-tight container.
59,1,"Combine the sugar and vanilla essence in a broad non-stick pan and cook on a medium flame for 5 to 7 minutes or till the sugar melts, while stirring continuously."
59,2,"Remove from the flame, add the almonds and mix well."
59,3,Spread the mixture on a greased flat surface and allow it to cool and harden.
59,4,Scrape it out using a palate knife and coarsely powder it using a mortar-pestle (khalbatta).
59,5,Store in an air-tight container and use as required.
60,1,Melt the sugar in a pan on a slow flame.
60,2,"Carefully take a little sugar syrup with the laddle, place it on your thumb, press your index finger against it and check if you get a 1-string consistency. If so, then syrup is ready and if not, then continue cooking , while stirring continuously till you get a 1-string consistency."
60,3,"Once it has melted, add the coarsely ground cashewnuts and mix well to make the praline."
60,4,Grease a flat rolling board with a little oil.
60,5,Pour the mixture on the greased flat surface and roll it with the greased rolling pin so as to get a thin layer. Do not touch the praline at this point as it will be really hot and can cause serious burns.
60,6,"To make small triangles, cut parallel lines at a distance of 25 mm. (1"") with the help of a knife or a metal dough cutter."
60,7,Then cut the praline diagonally to form a triangle. Make 6 such triangles and keep aside.
60,8,Crush the remaining praline coarsely with a rolling pin. Keep aside.
61,1,Spread the almond slices evenly in a plate and microwave on high for 2 minutes or until light pink in colour. Keep aside to cool.
61,2,"Put the chocolate into a small microwave safe bowl and microwave on high for 3 minutes, stirring once in between after 1½ minutes."
61,3,Remove from the microwave and continuously stir the chocolate until it cools a little.
61,4,Add the almonds and mix well.
61,5,Put small pieces of coated almonds on a tray lined with grease-proof paper or aluminium foil. Keep in the refrigerator for 2 hours.
61,6,Wrap each rock in a decorative foil and store in the refrigerator.
62,1,Spread the almond slices evenly in a plate and microwave on high for 2 minutes or until light pink in colour. Keep aside to cool.
62,2,"Put the chocolate into a small microwave safe bowl and microwave on high for 3 minutes, stirring once in between after 1½ minutes."
62,3,Remove from the microwave and continuously stir the chocolate until it cools a little.
62,4,Add the almonds and mix well.
62,5,Put small pieces of coated almonds on a tray lined with grease-proof paper or aluminium foil. Keep in the refrigerator for 2 hours.
62,6,Wrap each rock in a decorative foil and store in the refrigerator.
63,1,"To blanch the almonds, soak them in enough hot water in a bowl for at least 8 to 10 minutes."
63,2,Drain and refresh using some cold water and peel them.
63,3,Add ½ cup of milk and blend in a mixer to a smooth paste.
63,4,"Heat the ghee in a broad non-stick pan, add the almond paste, mix well and cook over a medium flame for 4 to 5 minutes or till it turns light pink in colour, while stirring continuously"
63,5,"Add the remaining ½ cup of milk and ¼ cup of water, mix well and simmer for 3 to 4 minutes, while stirring continuously"
63,6,"Add the sugar, cardamom powder and saffron mixture and cook on a medium flame for 6 to 7 minutes or till the sugar dissolves and the ghee separates, while stirring continuously. Keep aside to cool slightly."
63,7,Garnish with almond slivers and serve lukewarm or refrigerate and serve chilled.
64,1,"Soak the almonds in hot water for 20 minutes, drain and remove the skin."
64,2,Blend the almonds in a mixer till coarse. Keep aside.
64,3,"Heat the butter in a deep non-stick pan, add the plain flour and sauté on a medium flame for 30 seconds."
64,4,"Add the almond coarse paste, white stock and salt, mix well and cook on a medium flame for 3 to 4 minutes, while stirring occasionally."
64,5,"Add the fresh cream, salt and pepper and mix well."
64,6,Serve hot garnished with almond slivers.
65,1,"Cream the butter and sugar on a flat surface with your palm, until it is light and creamy. (refer to diagram on page 40 )"
65,2,Add the vanilla essence and mix well.
65,3,Add the flour and almond powder and gradually continue mixing till it forms a soft dough. Refrigerate for 15 minutes.
65,4,Divide the dough into 6 equal portions and roll each portion on a dusted rolling board into 100mm. (4”) diameter circle.
65,5,Prick all over the circle gently and bake in a pre-heated oven at 150°c (300°f) for 20 to 25 minutes or till it turns light brown in colour. Keep aside
